Higher Taxonomy;Genus;Species;C1;C2;C3;C4;C5;C6;C7;C8;C9;C10;C11;C12;C13;C14;C15;C16;C17;C18
Sauropodomorph;Pampadromaeus;barberenai;0.274196685;0.402117345;0.050544456;0.151985327;0.089407396;0.463556899;0.216948396;-0.084535435;0.115144949;0.026048212;1.448182311;2.482469512;2.58817146;0.8366;0.796972395;?;?;?
Sauropodomorph;Efraasia;minor;0.306934862;0.615856556;0.174568841;0.185090983;0.114142324;0.399363473;0.44392478;-0.193448708;0.068855738;0.035280566;1.6322217;2.266649785;8.40230155;0.9966;0.472366426;?;?;?
Sauropodomorph;Unaysaurus;tolentinoi;0.331557981;0.615588787;0.100053173;0.146708942;0.09862555;0.443416692;0.434238444;-0.140240462;0.054950283;0.049117028;1.495473251;2.462435838;6.325102881;0.98746;0.417231365;?;?;?
Sauropodomorph;Plateosaurus;erlenbergiensis;0.33885431;0.560109537;0.062012324;0.172274262;0.10552715;0.479346817;0.368193305;-0.102747518;0.033331614;0.044438578;2.00449169;1.957933461;1.228926486;0.85533;0.588974209;?;?;?
Sauropodomorph;Coloradisaurus;brevis;0.332460154;0.416876544;0.113368087;0.184612941;0.110295168;0.328916634;0.581445155;-0.190102435;0.092051394;0.035771025;2.120054945;2.597480832;3.214285714;0.80407;0.7839564;?;?;?
Sauropodomorph;Plateosaurus (Sellosaurus);gracilis;0.304536167;0.554695988;0.141998993;0.164976541;0.0964012;0.449830625;0.395637918;-0.19264895;0.082302823;0.113560191;2.181651376;2.551724138;4.113761468;0.79351;0.502843112;?;?;?
Sauropodomorph;Riojasaurus;incertus;0.268767237;0.426501997;0.095819638;0.198834024;0.113066669;0.516056512;0.33199829;-0.040017443;0.016735895;0;1.616938617;2.041326285;4.186480186;0.63435;0.377505392;?;?;?
Sauropodomorph;Pantydraco;caducus;0.319761786;0.546623403;0.127173939;0.148007114;0.096794202;0.478501935;0.367820902;-0.069923632;0.065147685;0.043458476;2.096289753;2.286368843;8.025618375;0.8751;0.679306609;?;?;?
Sauropodomorph;Plateosaurus;engelharti;0.348813123;0.620266836;0.117722235;0.174303846;0.092549721;0.441526111;0.394577567;-0.181726432;0.074768038;0.028895417;1.945128577;1.83269962;1.466316552;0.73301;0.533980121;?;?;?
Sauropodomorph;Plateosaurus;longiceps;0.345289033;0.584855359;0.134461117;0.182911276;0.109557092;0.517766207;0.391963072;-0.236506879;0.08954738;0.033745635;1.989642041;1.639509733;2.006549886;0.68199;0.458642893;?;?;?
Sauropodomorph;Massospondylus;kaalae;0.386295121;0.881312217;0.063109877;0.199072915;0.126808077;0.349510963;0.543429287;-0.093172021;0.028003367;-0.036286402;2.436162362;2.81300813;8.11402214;0.80727;0.453239791;?;?;?
Sauropodomorph;Adeopapposaurus;mognai;0.332198201;0.757970825;0.14997667;0.151481297;0.102564492;0.247155445;0.461632585;-0.117552785;0.043908947;0.030309142;1.290409615;2.412762288;1.979396615;0.66251;0.57790154;0.101446384;135.838;?
Sauropodomorph;Lufengosaurus;huenei;0.379892288;0.748460206;0.191054824;0.18173475;0.116244441;0.325883246;0.428912503;-0.165149738;0.013552478;-0.031186653;1.348931466;1.90544157;0;0.80218;0.457506433;?;?;?
Sauropodomorph;Aardonyx;celestae;0.334053232;0.649377;0.104920108;0.182151941;0.101959823;0.370548667;0.44204821;-0.133537518;0.037163057;0.046190674;?;?;?;?;?;?;?;?
Sauropodomorph;Lamplughsaura;dharmaramensis;0.248247817;0.505635692;0.161046843;0.181772518;0.114701833;0.271317112;0.43809999;-0.032127267;0.05119246;0;1.722946259;2.008181578;1.930004393;0.7756;0.465543428;0.131357627;138.524;?
Sauropodomorph;Melanorosaurus;readi;0.238008767;0.626505894;0.110576113;0.135433979;0.081766551;0.30449513;0.543106056;-0.083290331;0.022298939;-0.013629602;1.831379621;2.256356337;1.884730989;0.9;0.722657601;?;?;?
Sauropodomorph;Tazoudasaurus;naimi;0.189349649;0.412070616;0.109800632;0.185382977;0.138697431;0.366673907;0.492558666;0.085303833;0.026323;0.050307675;2.92159008;2.613353608;3.332603939;0.67443;0.488793795;?;?;?
Sauropodomorph;Shunosaurus;lii;0.378922743;0.823057764;0.032344603;0.173240897;0.125523358;0.41875862;0.51119269;0.035848151;0.03740776;0.0281937;2.456460277;3.311581877;3.032654792;0.67068;0.715243049;?;?;?
Sauropodomorph;Datousaurus;bashanensis;0.378714255;0.601282848;0.052936177;0.211831387;0.129623069;0.406513026;0.357791489;0.158212198;0;-0.041652129;?;?;?;?;?;?;?;?
Sauropodomorph;Omeisaurus;tianfuensis;0.302826086;0.619035008;0.078904978;0.187609218;0.132396839;0.421714048;0.468660881;-0.035300171;0.007913037;-0.047147104;2.824712056;2.569111148;3.118039937;0.86074;0.723450348;?;?;?
Sauropodomorph;Mamenchisaurus;sinocanadorum;0.386487744;0.733084321;0.06836781;0.185587786;0.136494683;0.579790219;0.749439725;-0.263131611;0.02271718;0.032691542;2.794105663;2.914273725;3.290574494;0.69212;0.506554464;0.143252171;122.59;?
Sauropodomorph;Mamenchisaurus;youngi;0.375021009;0.816394694;0.074295414;0.20774073;0.135581457;0.293515366;0.515690698;-0.143924011;0.016873452;-0.037965193;2.675753563;2.939798566;2.930835735;0.89469;0.782307692;?;?;?
Sauropodomorph;Mamenchisaurus;jingyanensis;0.399266257;0.771303353;0.043359844;0.17698074;0.1301567;0.46721895;0.469038745;-0.040530405;0.02771039;-0.068680449;1.850371883;1.451070469;1.862986729;0.8673;0.317457753;?;?;?
Sauropodomorph;Jobaria;tiguidensis;0.312603237;0.666002;0.121177734;0.1757466;0.116609178;0.413132513;0.470034468;-0.070353248;0;-0.012605876;1.775415781;2.06647302;2.346254846;0.90988;0.543981213;?;?;?
Sauropodomorph;Turiasaurus;riodevensis;0.331250457;0.758470797;0.150991036;0.199460784;0.138610644;0.394503571;0.528892;-0.048189828;0;-0.027819945;1.249416115;1.76566602;1.535519657;0.82278;0.413794008;?;?;?
Sauropodomorph;Diplodocus;longus;0.545294036;0.620339461;0.117143933;0.1966503;0.148590623;0.577160563;0.11225073;-0.196517536;0;0;2.415924426;6.518652226;5.895006748;0.5857;0.388036101;0.26038371;139.22;?
Sauropodomorph;Diplodocus;sp.;0.493910671;0.61491716;0.200897425;0.168930312;0.120901678;0.389418353;0.168974789;-0.115338738;0.001028409;0.060110074;3.051872209;4.56121134;4.939196153;0.68806;0.554771;?;?;?
Sauropodomorph;Abrosaurus;dongpoensis;0.31068442;0.636588034;0.070310442;0.16535796;0.114575223;0.407732134;0.473643549;-0.035356175;0.007408642;0;2.54294653;2.193389356;6.569823663;0.74197;0.425873763;?;?;?
Sauropodomorph;Camarasaurus;grandis;0.412005969;0.788323011;0.078961973;0.231653981;0.159409121;0.494113149;0.465251583;-0.175842476;0;0;2.001135718;2.07015463;1.282051282;0.64269;0.53534668;?;?;?
Sauropodomorph;Camarasaurus;lentus;0.382469183;0.74678205;0.085553522;0.237631747;0.157949421;0.457420952;0.467750257;-0.173992725;0;-0.060996878;1.680688118;1.409356166;4.485969023;0.7553;0.298237912;?;?;?
Sauropodomorph;Camarasaurus;lentus;0.495353764;0.869893543;0.058452373;0.26685757;0.181112729;0.484753179;0.42466679;-0.151631663;0;-0.025580074;3.174130063;4.885355649;3.709925841;0.9544;0.865467563;0.208745908;121.744;?
Sauropodomorph;Europasaurus;holgeri;0.446132313;0.706120264;0.075675861;0.229889912;0.13762314;0.631378301;0.517706009;-0.2486774;0;-0.048581255;2.715737604;3.082187451;3.409146905;0.79958;0.647795795;0.216980648;120.579;?
Sauropodomorph;Brachiosaurus;sp.;0.455024702;0.770645798;0.111880019;0.264840319;0.158676868;0.494935824;0.41012416;-0.304129044;0;0.025648608;2.423888979;2.451888054;4.942437497;0.8673;0.58847361;?;?;?
Sauropodomorph;Giraffatitan;brancai;0.462555909;0.814419839;0.063988768;0.230830638;0.146319552;0.405988085;0.408510638;-0.210605957;0;-0.0595875;2.539427813;2.962254428;3.366554148;0.76109;0.488996004;0.169746383;115.454;?
Sauropodomorph;Euhelopus;zdanskyi;0.434990041;0.644665233;0.051528523;0.255452519;0.159967824;0.286171542;0.333482208;-0.06584159;0;-0.028559345;2.222726509;2.14265581;?;0.83224;0.636820785;?;?;?
Sauropodomorph;Abydosaurus;mcintoshi;0.337648951;0.580482248;0.036996271;0.214184835;0.136631604;0.424310636;0.42579919;-0.151879754;0;-0.026918486;2.461333707;2.965538847;7.540907817;0.8862;0.607887739;?;?;?
Sauropodomorph;Rapetosaurus;krausei;0.31909957;0.548683623;0.087115548;0.271596524;0.17371808;0.358547841;0.402010201;-0.064162838;0;0;1.58960356;2.35562599;4.003741909;0.77661;0.473818307;?;?;?
Sauropodomorph;Antarctosaurus;wichmannianus;0.283640769;0.333327706;0.085689384;0.204794439;0.140650295;0.653837457;0.138003041;-0.005209419;0;0;3.696024756;4.55420354;2.618662223;0.77391;0.519393401;?;?;?
Sauropodomorph;Bonitasaura;salgadoi;0.299852216;0.366127524;0.154555613;0.265306614;0.189380722;0.448604252;0.161466349;0.022425993;0;-0.080606227;1.215098862;1.763550472;5.225584182;0.8348;0.203388111;?;?;?
Sauropodomorph;Malawisaurus;dixeyi;0.432731913;0.919283641;0.141334359;0.213235321;0.159001018;0.360806134;0.489752632;-0.036456877;0;0.033052029;0.9913975;1.924479683;9.802142509;0.87663;0.429480572;?;?;?
Sauropodomorph;Quaesitosaurus;orientalis;0.3290866;0.418860484;0.108693812;0.23093336;0.162854691;0.493354889;0.202652271;-0.121488484;0;-0.122395327;?;?;?;?;?;?;?;?
Sauropodomorph;Tapuiasaurus;macedoi;0.40201494;0.54760826;0.058856626;0.205369991;0.144500827;0.524557313;0.275338434;-0.130563437;0;-0.15773543;4.419982119;5.722971526;6.672552526;0.83774;0.890862358;?;?;?
Sauropodomorph;Nemegtosaurus;mongoliensis;0.364969613;0.48157858;0.057387611;0.251361326;0.176905579;0.467783706;0.234571989;-0.105230192;0;-0.082390067;2.406463014;2.425393334;3.099091139;1.04311;0.46435825;?;?;?
Sauropodomorph;Titanosauria;indet.;0.376006266;0.577375384;0.073582525;0.185222795;0.136854747;0.365246354;0.335797555;-0.995328811;0;0;1.691358025;2.132723112;6.503703704;0.94899;0.300583658;?;?;?
Basal Ornithischia;Pisanosaurus;mertii;0.392435838;0.886892035;0.058743218;0.208512193;0.130170404;0.402422596;0.420917435;-0.133140013;0;-0.082888063;1.259728227;?;2.399629401;?;0.430319654;?;?;-0.023712211
Basal Ornithischia;Abrictosaurus (Lycorhinus);consors;0.302435906;0.907888092;0.097587646;0.215908917;0.121420519;0.266248949;0.47969741;-0.143195538;0;-0.084360763;1.68714507;?;6.039752194;?;0.507295871;?;?;-0.019836479
Basal Ornithischia;Heterodontosaurus;tucki;0.369757269;0.883945048;0.132065357;0.24270415;0.125009779;0.323207114;0.405689424;-0.159380379;0.012110627;-0.115280364;1.974325386;?;2.406340058;?;0.629311065;?;?;0.019975139
Basal Ornithischia;Manidens;condorensis;0.351650653;0.846209831;0.0988763;0.246588195;0.139666759;0.351096042;0.430420505;0.040536506;0;-0.084171414;2.301470588;?;2.705269608;?;0.480245493;?;?;-0.018018594
Basal Ornithischia;Tianyulong;confuciusi;0.19173664;0.426961654;0.051975013;0.227795062;0.143289832;0.406117935;0.364684302;0.088442103;0.017274845;0;1.721941355;?;2.446410516;?;0.401745695;?;?;0.003902386
Basal Ornithischia;Lesothosaurus;diagnosticus;0.303163086;0.779572715;0.103169368;0.162376238;0.093318948;0.301574186;0.48154427;-0.074179073;0.019984168;-0.055854683;1.05946935;?;5.576395242;?;0.373729224;?;?;0.014374243
Basal Ornithischia;Agilisaurus;louderbacki;0.249038383;0.854631242;0.156412145;0.184944685;0.096840983;0.23097926;0.553886201;-0.102099426;0;-0.05101465;1.637235318;?;2.938473831;?;0.593826982;?;?;-0.025436437
Thyreophora;Emausaurus;ernsti;0.305635609;0.885043083;0.053783971;0.199049728;0.12727272;0.301687315;0.541195587;-0.114704531;0.027329791;0.04866029;1.932370184;?;2.938473831;?;1.013173784;?;?;0.049179653
Thyreophora;Gigantospinosaurus;sichuanensis;0.398053368;0.774720809;0.07214705;0.255085578;0.171752678;0.451527962;0.496528578;-0.324940249;0.032050885;0.058658951;?;?;?;?;?;?;?;0.054611355
Thyreophora;Stegosaurus;mjosi;0.402756681;?;0.096138186;0.24581114;0.173313231;0.331039306;0.568458863;-0.222811303;0.072360642;0.022891768;0.961864407;?;0.516949153;?;0.110194175;?;?;-0.001863769
Thyreophora;Huayangosaurus;taibaii;0.246969239;0.784525873;0.073054843;0.263112543;0.135505413;0.23328736;0.552251428;-0.10598878;0.016875461;-0.054953336;1.694732533;?;0;?;0.25010573;?;?;0
Thyreophora;Jiangjunosaurus;junggarensis;0.315665544;0.55644312;0.076870621;0.312960479;0.175597164;0.449531014;0.214949353;-0.238418369;0.015664062;0.034012435;?;?;?;?;?;?;?;0.099046741
Thyreophora;Stegosaurus;cf. armatus;0.336703487;?;0.071460623;0.269796853;0.163081984;0.327672568;0.436376477;-0.160763565;0.042099175;0.042294297;0.956455039;?;?;?;?;?;?;0.028611446
Thyreophora;Animantarx;ramaljonesi;0.370462329;1.00340553;0.064696673;0.374818058;0.202822275;0.248365133;0.669946073;-0.25134817;0;0.053071464;0.945595334;?;2.920152856;?;0.112194249;0.107609879;165.107;0.138761146
Thyreophora;Edmontonia;longiceps;0.313126269;0.819765192;0.073739577;0.329705231;0.220147969;0.282092997;0.633206002;-0.129989548;0;0.029834249;?;?;2.448361823;?;?;0.084371267;147.704;0.215001618
Thyreophora;Panoplosaurus;mirus;0.258485353;0.685705145;0.107478177;0.300675453;0.19213058;0.227423394;0.590790774;-0.136500824;0;0.052948886;?;?;3.191371539;?;?;0.09676112;133.807;0.095265239
Thyreophora;Sauropelta;edwardsi;0.293167423;0.743046684;0.107829741;0.326832869;0.190871812;0.305192201;0.587963788;-0.141328691;0;0.095911957;?;?;?;?;?;?;?;0.188671309
Thyreophora;Silvisaurus;condrayi;0.279343838;0.866100005;0.070429699;0.360867219;0.236361492;0.283314297;0.688025983;-0.222967718;?;0.140557607;?;?;?;?;?;?;?;0.26415643
Thyreophora;Ankylosaurus;magniventris;0.231037906;0.613241471;0.053063353;0.26706537;0.186182484;0.309630281;0.62438333;-0.175142928;0;0.066434676;?;?;?;?;?;?;?;0.073743474
Thyreophora;Euoplcephalus;tutus;0.205972784;0.670953183;0.099859553;0.248774217;0.221427268;0.203435725;0.681221454;-0.22537171;0;0.136649829;?;?;5.332283915;?;?;0.072809273;110.684;0.109746186
Thyreophora;Pinacosaurus;grangeri;0.307862325;0.84309887;0.100133928;0.304423701;0.208463137;0.270991601;0.654695866;-0.227994742;0;0.06182936;1.292467418;?;1.918930859;?;0.179176236;?;?;0.167791714
Thyreophora;Saichinia;chulsanensis;0.323688956;0.879340278;0.128772605;0.367496291;0.255715576;0.266638916;0.636699946;-0.194503938;0;0.061983297;1.345626976;?;0;?;0.120382106;?;?;0.23678857
Thyreophora;Tarchia;gigantea;0.314387457;0.933484186;0.108333737;0.326512009;0.2263829;0.279088824;0.647195772;-0.129294957;0;0.041395319;1.291929688;?;0;?;0.160780759;?;?;0.221546407
Marginocephalia;Stegoceras;validum;0.39622359;0.910282431;0.053351901;0.307446839;0.168128242;0.179853181;0.55034916;-0.094266048;0;-0.037506988;2.117751611;?;1.652299489;?;0.547218554;?;130.121;-0.038772502
Marginocephalia;Yinlong;downsi;0.430970056;0.760308822;0.049744194;0.201691773;0.123900007;0.461674564;0.418956094;0.037495304;0.011437316;0;0.852512156;?;0;?;0.29311786;?;?;0.003005441
Marginocephalia;Liaoceratops;yanzigouensis;0.356203784;0.706004412;0.052643179;0.374580576;0.221247848;0.442765008;0.476841544;0;0;-0.020079793;1.065205628;?;0.567911255;?;0.192377229;?;?;-0.016275205
Marginocephalia;"""Hongshanosaurus""";houi;0.316657841;0.628492785;0.167897997;0.357206455;0.240279331;0.380922597;0.449650108;-0.080581903;0;-0.018115764;1.305714286;?;0.39547619;?;0.141486068;?;?;-0.046173997
Marginocephalia;Psittacosaurus;gobiensis;0.383246751;0.764614346;0.21749496;0.346293014;0.195628599;0.361960321;0.42461724;-0.122027765;0;-0.032984551;0.979369404;?;1.000389257;?;0.130511464;?;137.526;-0.024860927
Marginocephalia;Psittacosaurus;lujiatunensis;0.421946757;0.881398674;0.196337229;0.332308269;0.203052498;0.372738484;0.450310381;-0.130807616;0;-0.035693652;0.985678313;?;0.700031476;?;0.130817111;?;?;0.020985207
Marginocephalia;Psittacosaurus;major;0.392596174;0.849572833;0.174088467;0.344528074;0.193507377;0.32637112;0.467545579;-0.129993964;0.030078536;-0.038766067;1.239772519;?;1.922583012;?;0.137926812;?;?;-0.00871256
Marginocephalia;Psittacosaurus;mongoliensis;0.447308427;0.904801706;0.086332678;0.30269565;0.184890435;0.237633679;0.481118586;-0.126947939;0.002604031;-0.016489537;1.173590504;?;1.304154303;?;0.186600613;?;?;-0.035819007
Marginocephalia;Psittacosaurus;neimongoliensis;0.46111131;0.731529819;0.128988125;0.364831287;0.211924149;0.495139738;0.382532193;-0.009364402;0;0.003067939;1.382567194;?;0.683496609;?;0.188357688;?;?;-0.033248889
Marginocephalia;Psittacosaurus;ordosensis;0.36831161;0.734421008;0.178377157;0.356176135;0.213093671;0.374140514;0.428084867;0.01646628;0;0.063410403;?;?;?;?;?;?;?;-0.021114227
Marginocephalia;Psittacosaurus;sinensis;0.437786021;0.817094049;0.103945326;0.325017962;0.184065944;0.309330011;0.456205608;-0.129195958;0;0;0.856496445;?;0.694408533;?;0.242807403;?;?;0.008448757
Marginocephalia;Archaeoceratops;oshimai;0.369328369;0.810641733;0.050521767;0.342811645;0.180039175;0.406677823;0.526625038;-0.005868346;0;0.006985567;1.024847336;?;0.591492946;?;0.175862692;?;?;0.080505444
Marginocephalia;Auroraceratops;rugosus;0.427177383;0.937434211;0.048356876;0.288134705;0.176806242;0.366336162;0.54130674;-0.137168205;0.018888153;0.01754247;?;?;?;?;?;?;?;-0.065418023
Marginocephalia;Yamaceratops;dourgobiensis;0.348786753;0.810625466;0.048330267;0.397495127;0.244751429;0.376941899;0.556007133;0.027296479;0;-0.050316999;1.365054294;?;0;?;0.225925563;?;?;0.057661842
Marginocephalia;Bagaceratops;rozhdestvenkyi;0.273428019;0.831128523;0.099327938;0.359453819;0.217401488;0.274276649;0.622779117;0.00595316;0;-0.031063735;1.110220441;?;1.979101059;?;0.26059201;?;?;0.032931065
Marginocephalia;Gobiceratops;minutus;0.376220423;0.97120818;0.060491296;0.391124358;0.214868739;0.326643484;0.607451565;-0.129491638;0;-0.052829571;?;?;?;?;?;?;?;0.065971187
Marginocephalia;Cerasinops;hodgskissi;0.280111682;0.86811553;0.158182681;0.525061228;0.276803984;0.263913815;0.630873648;-0.082902839;0;0;1.715399934;?;0;?;0.148641847;?;?;0.016419938
Marginocephalia;Gryphoceratops;morrisoni;0.283469014;0.696860316;0.100000869;0.458428315;0.284080883;0.322611524;0.588923411;0.022909247;0;-0.002424376;?;?;?;?;?;?;?;0.037049055
Marginocephalia;Leptoceratops;gracillis;0.346228112;1.07340078;0.082191849;0.405990066;0.215780866;0.284685964;0.643337767;-0.071371704;0;-0.055471075;1.110088242;?;0;?;0.15617262;?;?;0.16348079
Marginocephalia;Montanoceratops;cerorhynchus;0.213787707;0.855274672;0.196405189;0.364376859;0.212526178;0.204344417;0.660421736;0;0;-0.001457284;1.208862446;?;?;?;0.145101634;?;?;0.038602325
Marginocephalia;Prenoceratops;pieganensis;0.288369991;0.864078032;0.162076201;0.410846661;0.21791536;0.261769224;0.593884522;0.036349508;0;-0.041974768;0.943526322;?;?;?;0.103990254;?;?;0.082049336
Marginocephalia;Protoceratops;andrewsi;0.287763375;0.804404479;0.072042662;0.418729273;0.195809482;0.270192063;0.626960387;-0.019821119;0;-0.017490347;1.597103577;?;?;?;?;?;?;0.173842745
Marginocephalia;Protoceratops;hellenikorhinus;0.267947044;0.685773771;0.042848764;0.419229793;0.256329386;0.337757708;0.608297394;0.028139429;0;-0.000633918;?;?;0;?;0.293732816;?;?;0.145076051
Marginocephalia;Udanoceratops;tschizhovi;0.266425847;0.654844169;0.138724576;0.631909112;0.288372504;0.228745354;0.614491399;0.138918516;0;-0.053318126;1.249901903;?;?;?;0.125790417;?;?;0.174466276
Marginocephalia;Unescoceratops;koppelhusae;0.231279402;0.675497163;0.116677213;0.3801548;0.247768684;0.294631854;0.638371326;0.093576779;0;-0.026251862;0.947705064;?;?;?;0.226628333;?;?;-0.006516913
Marginocephalia;Zhuchengceratops;inexpectus;0.317830565;0.770176354;0.090651854;0.408263319;0.270606301;0.344466927;0.569642779;0;0;0.002523693;1.548210255;?;?;?;0.176778153;?;?;0.163264939
Marginocephalia;Zuniceratops;christopheri;0.35481543;1.067469583;0.088228646;0.277778181;0.130182862;0.218140971;0.613232346;-0.135297944;0;-0.001155445;1.481467241;?;0.504152568;?;0.267354076;?;?;0.023140524
Marginocephalia;Avaceratops;lammersi;0.36057779;1.041116645;0.044749652;0.306684878;0.176618578;0.297828943;0.642242602;-0.083132358;0;0.013679708;1.061123941;?;?;?;0.175108299;?;?;-0.027036098
Marginocephalia;Centrosaurus;apertus;0.2913303;1.103683559;0.053682231;0.289765633;0.160546572;0.237822554;0.698137147;-0.060900037;0;-0.010985382;2.173695175;?;0;?;0.284217733;?;?;0.020073942
Marginocephalia;Einiosaurus;procurvicornis;0.315231395;1.156364107;0.071517068;0.304983145;0.172629554;0.202613509;0.697552125;-0.087093096;0;0.017506807;1.872233471;?;0;?;0.22847211;?;?;0.05713929
Marginocephalia;Styracosaurus;albertensis;0.334259503;0.951097997;0.050905182;0.270458775;0.146428032;0.273840974;0.645008778;-0.13087398;0;0.008072703;1.355425518;?;0;?;0.276029118;?;?;0.076892462
Marginocephalia;Agujaceratops;mariscalensis;0.327253093;1.581219387;0.069458716;0.376288917;0.173840305;0.147941987;0.768528867;-0.120806895;0;0;?;?;?;?;?;0.095359982;?;-0.032859863
Marginocephalia;Anchiceratops;ornatus;0.387113009;1.224511008;0.052823492;0.343182144;0.172158705;0.250253635;0.670855399;-0.111868769;0;0;?;?;?;?;?;0.100677831;?;0.015430541
Marginocephalia;Chasmosaurus;belli;0.320286347;1.10142485;0.053798883;0.336068431;0.171323451;0.238931969;0.68209769;-0.034165801;0;0;1.906810879;?;?;?;?;0.124395304;?;0.027662652
Marginocephalia;Chasmosaurus;russelli;0.221678702;0.976228987;0.088439414;0.271286404;0.155099519;0.161500253;0.717960158;-0.037344232;0;-0.02311722;?;?;0;?;0.214259923;0.115049964;?;-0.05738908
Marginocephalia;Coahuilaceratops;magnacuerna;0.297143093;1.205764792;0.054667525;0.300285279;0.151008752;0.182491913;0.732134988;-0.059691481;0;0;1.942972609;?;0;?;0.200236007;0.116462257;?;0.077206422
Marginocephalia;Kosmoceratops;richardsoni;0.368522264;1.292509473;0.04050204;0.31333984;0.15764096;0.23789186;0.726048019;-0.067273082;0;0;1.898674855;?;0;?;0.197392517;0.110057935;?;-0.0157439
Marginocephalia;Tatankaceratops;sacrisonorum;0.323899801;1.245607214;0.064659043;0.346156184;0.154686038;0.221854469;0.70149207;-0.049486404;0;-0.020574165;?;?;?;?;?;0.109408343;?;0.037801808
Marginocephalia;Titanoceratops;ouranos;0.27967272;0.95515685;0.108729481;0.2543302;0.128519552;0.225176419;0.635752198;-0.031117086;0;-0.024203619;?;?;?;?;?;0.116104324;?;-0.01607166
Marginocephalia;Triceratops;horridus;0.324659764;1.130889255;0.134497983;0.306936948;0.154029017;0.252065254;0.617352051;-0.021938731;0;0;1.817952296;?;0;?;0.20026202;0.11046428;?;0.060060886
Marginocephalia;Triceratops;prorosus;0.316800092;1.200030146;0.060732582;0.3531269;0.172061883;0.187767782;0.699657042;-0.05223092;0;0;2.641436778;?;0;?;0.341952356;0.139483976;?;0.103134307
Marginocephalia;Utahceratops;gettyi;0.310455356;1.117745156;0.039820882;0.305894642;0.160162164;0.225386374;0.707527649;-0.05370578;0;0;1.862249346;?;0;?;0.169999403;0.113400053;?;0.084556999
Ornithopoda;Changchunsaurus;parvus;0.31257378;0.718826599;0.098495181;0.159100645;0.090212635;0.358916762;0.270715577;-0.12223;0;0.040721212;1.208060453;?;5.264483627;?;0.232004644;?;?;-0.006937407
Ornithopoda;Gasparinisaura;cincosaltensis;0.368841306;0.923856502;0.107132627;0.228819731;0.113636849;0.303879206;0.421258759;-0.165104951;0.009348207;-0.038352273;1.318113772;?;5.895209581;?;0.462812089;?;?;-0.027220793
Ornithopoda;Hypsilophodon;foxii;0.357202525;0.993237482;0.088917321;0.30195237;0.135366419;0.284409192;0.370678524;-0.143335631;0.00330946;-0.01477325;0.631775701;?;3.096128171;?;0.156089194;?;?;-0.01357242
Ornithopoda;Orodromeus;mackelai;0.290458253;0.742372145;0.080477512;0.207118013;0.116177725;0.332347615;0.367651082;-0.084116045;0;-0.041150323;1.308230231;?;0;?;0.31745203;?;?;-0.003803916
Ornithopoda;Parksosaurus;warreni;0.333815723;0.888681102;0.069036364;0.253736514;0.127847479;0.324086905;0.369231911;-0.197179056;0;-0.018092982;1.480384515;?;5.999740192;?;0.209024211;?;?;-0.014530338
Ornithopoda;Camptosaurus;dispar;0.330595312;0.878953412;0.070842476;0.233314125;0.123429085;0.323107858;0.416829122;-0.14462386;0.001330776;0.022722412;0.841164392;?;0;?;0.19803219;0.10664002;?;0.021693375
Ornithopoda;Dakotadon;lakotaensis;0.297049127;1.017077854;0.093488376;0.30713665;0.141255946;0.2361822;0.43775033;-0.071823463;0;0.018966378;0.783766304;?;0.429880349;?;0.193465131;0.106638676;?;0.035686179
Ornithopoda;Dryosaurus;altus;0.351230368;0.882520215;0.156413596;0.238096028;0.116662934;0.384488126;0.37498308;-0.07751425;0;0.041141362;?;?;0;?;0.212281758;?;?;0.05976878
Ornithopoda;Dryosaurus;altus;0.386787618;0.832634598;0.136326363;0.314012423;0.15473983;0.293378692;0.335103441;-0.081568758;0;-0.011009689;0.667381703;?;?;?;?;?;?;0.011715871
Ornithopoda;Dysalotosaurus;lettowvorbecki;0.363526422;0.879435428;0.097671986;0.241356482;0.120657633;0.354503258;0.36151031;-0.061062513;0;-0.014817781;1.4826317;?;0.462847941;?;0.416209235;?;?;-0.048573299
Ornithopoda;Dysalotosaurus;lettowvorbecki;0.356416351;0.942315198;0.101061396;0.295692291;0.132111462;0.299849793;0.419961375;-0.137117107;0;-0.056077585;0.882216015;?;0;?;0.429948951;?;?;-0.016093557
Ornithopoda;Fukuisaurus;tetoriensius;0.331617807;1.131374681;0.123479451;0.316737686;0.161841494;0.225614947;0.479139529;-0.114624041;0;0.021304499;0.948070712;?;0;?;0.136579572;0.106638995;?;0.04670577
Ornithopoda;Hippodraco;scutodens;0.332081924;0.862570132;0.048357955;0.205747174;0.115948683;0.285108374;0.395342529;-0.11808503;0;-0.027052948;1.150925436;?;0;?;0.287290776;0.106639563;?;0.010139969
Ornithopoda;Iguanodon;bernissartensis;0.319452042;1.27423192;0.081111662;0.333636019;0.187995506;0.194864798;0.503186127;-0.124327871;0;0.026224871;1.209703789;?;0;?;0.212864794;0.105799051;?;0.131559055
Ornithopoda;Mantellisaurus;atherfieldensis;0.314575482;1.141090124;0.097716376;0.274591199;0.117479306;0.211063457;0.420571059;-0.111090345;0;0.015056664;1.063845192;?;0;?;0.221559677;0.107509747;?;0.078614125
Ornithopoda;Tenontosaurus;tilletti;0.321970463;0.834058783;0.149408816;0.27665333;0.147537266;0.318750519;0.324744862;-0.599273058;0.0051041;-0.016706312;0.711812377;?;0;?;0.189184779;?;?;0.011622283
Ornithopoda;Theiophytalia;kerri;0.372449488;0.948942256;0.078612998;0.298876945;0.160728128;0.316486374;0.416932737;-0.187236341;0.001045263;0.018659485;1.118876941;?;0;?;0.147799522;0.106639163;?;0.000692123
Ornithopoda;Zalmoxes;robustus;0.278970992;0.935409344;0.157156497;0.285851856;0.176404944;0.180999238;0.452668809;-0.618649706;0;-0.011207681;0.591040462;?;0.87933526;?;0.176643345;?;?;0.077573603
Ornithopoda;Altirhinus;kurzanovi;0.316410203;0.768867169;0.079358283;0.212032587;0.11955876;0.262322161;0.370188223;-0.116777579;0.000618715;0.018853709;1.159232072;?;0;?;0.24671527;?;?;0.084161495
Ornithopoda;Eolambia;caroljonesa;0.334743218;1.806566515;0.048234872;0.236984322;0.12233234;0.266212277;0.446780431;-0.144308851;0;-0.01968265;1.075920084;?;0;?;0.119757956;?;?;0.081850302
Ornithopoda;Equijubus;normani;0.424740354;1.836225922;0.134477159;0.283401259;0.158952264;0.288420229;0.338276685;-0.173282747;0.000880302;-0.014960993;1.409942085;?;0;?;0.308956502;?;?;0.064290687
Ornithopoda;Jeyawati;rugoculus;0.319554413;0.88586934;0.100219701;0.310479816;0.117241713;0.207248438;0.458458458;-0.095014923;0;0.029534893;?;?;?;?;?;?;?;0.060298285
Ornithopoda;Jinzhousaurus;yangi;0.321885764;1.301319933;0.060691668;0.31712428;0.150859577;0.225388021;0.468012285;-0.115263012;0.000832403;0.018733186;1.066362872;?;0;?;0.309357874;?;?;0.011481927
Ornithopoda;Ouranosaurus;nigeriensis;0.255141045;0.883798008;0.082812858;0.186209753;0.101170913;0.228935208;0.421654854;-0.026471578;0.002542985;0.010998331;1.422109105;?;2.512293507;?;0.431502258;?;?;0.041761634
Ornithopoda;Probactrosaurus;gobiensis;0.346229319;0.688305328;0.088631466;0.319180824;0.147262649;0.240951482;0.425385895;-0.114720556;0.001252189;0;1.355697751;?;0;?;0.242476774;?;?;0.119076042
Ornithopoda;Protohadros;byrdi;0.390104719;1.21420299;0.099823799;0.363644953;0.174501873;0.244037133;0.42257569;-0.097731276;0.00043109;0.024150053;?;?;?;?;?;?;?;0.128100294
Ornithopoda;Telmatosaurus;transsylvanicus;0.41180647;1.205527042;0.082705784;0.32593348;0.150495143;0.3013838;0.344459783;-0.108731269;0;0.011873078;1.53905198;?;0;?;0.193616697;0.071499539;144.964;0.053214458
Ornithopoda;Acristavus;gagslarsoni;0.409373876;1.070595334;0.088103795;0.343027784;0.145056882;0.255006652;0.411098055;-0.090899556;0;-0.020200013;1.673607122;?;0;?;0.137539976;?;?;0.139793927
Ornithopoda;Brachylophosaurus;canadensis;0.36799322;1.128285969;0.238433949;0.342951253;0.145104174;0.148101851;0.292346331;-0.068728984;0;0.030642006;?;?;?;?;?;?;?;0.217943565
Ornithopoda;Edmontosaurus (Anatotitan);annectens (copei);0.330738198;1.674152579;0.091486293;0.206660522;0.091967554;0.19666202;0.258734391;-0.072410326;0;0;1.834582943;?;0;?;0.095659681;?;?;0.051058301
Ornithopoda;Edmontosaurus;annectens (saskatchewanensis);0.31868451;1.060854263;0.094280791;0.25184593;0.119335181;0.207658455;0.296040766;-0.069934054;0;0.008490813;2.04424181;?;0;?;0.114758393;?;?;0.119985362
Ornithopoda;Edmontosaurus;annectens;0.304636271;1.206881912;0.094109756;0.262179689;0.126286837;0.213047914;0.360636216;-0.069991069;0;0.044649376;2.40987055;?;0;?;0.129782695;?;?;0.140788313
Ornithopoda;Gryposaurus;incurvimanus;0.364536722;1.074530348;0.018663495;0.304233505;0.133909007;0.277061003;0.373242911;-0.071013;0;0;1.648378248;?;0;?;0.160205138;?;?;0.127652686
Ornithopoda;Gryposaurus;latidens;0.360563071;1.208123474;0.093047868;0.256394044;0.120303495;0.222437585;0.352268848;-0.070502655;0;0.012805347;1.748997942;?;0;?;0.257270337;?;?;0.141005311
Ornithopoda;Gryposaurus;monumentensis;0.313570864;1.039872912;0.143061406;0.294464381;0.137298837;0.237116796;0.340772911;-0.099434171;0;0.001315535;2.437577816;?;0;?;0.195387491;?;?;0.170845555
Ornithopoda;Gryposaurus;notabilis;0.361783765;1.298800132;0.082651167;0.28038544;0.139931085;0.257710302;0.407723884;-0.065657541;0;0.015640322;2.060230825;?;0;?;0.172635418;?;?;0.144260662
Ornithopoda;Huaxiaosaurus;aighatens;0.352743684;1.106690857;0.098136069;0.307500222;0.135898486;0.123975755;0.407390473;-0.083620627;0;0.12128569;?;?;?;?;?;?;?;0.027098989
Ornithopoda;Kundurosaurus;nagornyi;0.313949164;1.03219979;0.085945834;0.29547029;0.133121049;0.235915036;0.354348683;-0.042226128;0;0.00271231;1.390031907;?;0;?;0.116296624;?;?;0.070077821
Ornithopoda;Maiasaura;peeblesorum;0.348272229;1.171544433;0.040086809;0.319987707;0.131556866;0.270900077;0.376853301;-0.018214809;0;0.023369868;1.065425264;?;0;?;0.115085621;?;?;0.185795709
Ornithopoda;Prosaurolophus;blackfeetensis;0.369019492;1.253850917;0.085510267;0.30283892;0.10819921;0.483185998;0.364752299;-0.069009196;0;0.00819535;0.987027243;?;0;?;0.122177479;?;?;0.100063779
Ornithopoda;Prosaurolophus;maximus;0.35730015;1.362849746;0.030731184;0.311227831;0.131633821;0.222877726;0.410893611;-0.10574594;0;0;2.000109565;?;0;?;0.156959348;?;?;0.108528079
Ornithopoda;Prosaurolophus;maximus;0.347559407;1.351392548;0.07405237;0.334504223;0.13303151;0.237255149;0.415595532;-0.073684969;0;0;3.178362873;?;0;?;0.291198528;?;?;0.151101426
Ornithopoda;Prosaurolophus;maximus;0.393871592;1.462456437;0.078541903;0.337707206;0.135547926;0.214177846;0.369982253;-0.092424401;0;0.008697848;2.723149214;?;0;?;0.268516855;?;?;0.095143692
Ornithopoda;Prosaurolophus;maximus;0.320344294;1.290466321;0.022818454;0.293877185;0.143113298;0.241868105;0.392072246;-0.075977247;0;-0.012797278;1.158919319;?;0;?;0.114809274;?;?;0.119809616
Ornithopoda;Saurolophus;angustirostris;0.279716404;1.219439709;0.031390185;0.284617285;0.132664379;0.206668096;0.416416696;-0.045421759;0;0.033675703;?;?;?;?;?;?;?;0.079033861
Ornithopoda;Tethyshadros;insularis;0.406401184;0.558326484;0.120160816;0.306829565;0.128037594;0.276565348;0.413173063;-0.105313656;0;0.017136058;1.645617552;?;0;?;0.290089524;?;?;0.054682497
Ornithopoda;Charonosaurus;jiayinensis;0.39626441;1.203551776;0.119472796;0.307018612;0.134498806;0.242946783;0.343899248;-0.058492018;0;0.035068226;1.365073155;?;0;?;0.19911666;?;?;0.106646911
Ornithopoda;Corythosaurus;casuarius;0.375379203;1.378358308;0.107924892;0.313058698;0.132625731;0.198625177;0.329663846;-0.061389926;0;0.013221114;2.673723377;?;0;?;0.204803884;?;?;0.170424374
Ornithopoda;Hypacrosaurus;altispinus;0.431792326;1.377745763;0.042872239;0.337725413;0.1541509;0.270989637;0.370640589;-0.152964449;0;0.02426498;1.150137363;?;0;?;0.167664551;?;?;0.22084841
Ornithopoda;Hypacrosaurus;altispinus;0.39959631;1.54571433;0.108422986;0.44209552;0.180069964;0.233587032;0.408052716;-0.093134652;0;0.022539139;?;?;?;?;?;?;?;0.158712775
Ornithopoda;Hypacrosaurus;stebingeri;0.391587047;1.376534976;0.104652698;0.325120424;0.131423139;0.212374907;0.372025088;-0.11937563;0;?;1.612857719;?;0;?;0.1819029;?;?;0.077640468
Ornithopoda;Lambeosaurus;lambei;0.383864483;1.223788969;0.116930032;0.30151433;0.127803274;0.224860311;0.33367595;-0.07172273;0;0.014680597;2.551620948;?;0;?;0.124209427;0.107012215;160.224;0.173948543
Ornithopoda;Lambeosaurus;magnicristatus;0.373315929;1.268955109;0.039872292;0.304340862;0.141463403;0.236276982;0.353432368;-0.100791551;0;0.015630215;1.903981623;?;0;?;0.139527315;?;?;0.125528531
Ornithopoda;Lambeosaurinae;indet.;0.422274637;1.353094001;0.060973932;0.320226084;0.132341427;0.260898737;0.366905043;-0.139472363;0;0.031976937;1.748936736;?;0;?;0.202689381;?;?;0.124274401
Ornithopoda;Lambeosaurinae;indet.;0.354197874;1.341681504;0.06065834;0.343630547;0.136972872;0.222429599;0.370755153;-0.056851386;0;0.023229828;2.303772797;?;0;?;0.178405477;?;?;0.141292342
Ornithopoda;Olorotitan;arharensis;0.320717393;1.066937427;0.116195034;0.255597993;0.109736746;0.203337348;0.415076054;-0.14422915;0;0.01764566;1.285525621;?;0;?;0.17794813;?;?;0.022188611
Ornithopoda;Parasaurolophus;walkeri;0.394432681;1.227294471;0.088862568;0.335504557;0.136902477;0.256796076;0.422552361;-0.089329871;0;0.054609179;?;?;0;?;?;?;?;0.070450659
Ornithopoda;Velafrons;coahuilensis;0.268492099;1.328534031;0.109827559;0.29934999;0.123737412;0.140962223;0.431618316;-0.032030071;0;0.014533234;1.412864055;?;0;?;0.171928933;?;?;0.113755319
